"concept_id","concept_name","concept_code","vocabulary_id"
2790415,"Computerized Tomography (CT Scan) of Left Femur using Other Contrast","BQ24YZZ","ICD10PCS"
2787904,"Computerized Tomography (CT Scan) of Liver","BF25ZZZ","ICD10PCS"
2006820,"Other skeletal x-ray of pelvis and hip","88.26","ICD9Proc"
42741099,"Computed tomography, heart, with contrast material(s), including noncontrast images, if performed, cardiac gating and 3D image postprocessing; cardiac structure and morphology and computed tomographic angiography of coronary arteries (including native and","0148T","CPT4"
42628480,"Radiologic examination, femur; 1 view","73551","CPT4"
2006700,"Other chest x-ray","87.49","ICD9Proc"
2006839,"Other soft tissue x-ray of upper limb","88.35","ICD9Proc"
2791996,"Computerized Tomography (CT Scan) of Bladder using Low Osmolar Contrast","BT201ZZ","ICD10PCS"
2211492,"Radiologic examination; calcaneus, minimum of 2 views","73650","CPT4"
2787119,"Computerized Tomography (CT Scan) of Thoracic Aorta","B320ZZZ","ICD10PCS"
42739825,"Computerized axial tomographic guidance for, and monitoring of, tissue ablation","76362","CPT4"
2211702,"Radiologic examination, single plane body section (eg, tomography), other than with urography","76100","CPT4"
2787405,"Computerized Tomography (CT Scan) of Left Eye using Other Contrast, Unenhanced and Enhanced","B826Y0Z","ICD10PCS"
2786140,"Computerized Tomography (CT Scan) of Right Pulmonary Vein using Low Osmolar Contrast, Unenhanced and Enhanced","B52Q10Z","ICD10PCS"
2211526,"Radiological examination, gastrointestinal tract, upper, air contrast, with specific high density barium, effervescent agent, with or without glucagon; with or without delayed images, without KUB","74246","CPT4"
42628024,"Radiologic examination, spine, entire thoracic and lumbar, including skull, cervical and sacral spine if performed (eg, scoliosis evaluation); 4 or 5 views","72083","CPT4"
2790205,"Computerized Tomography (CT Scan) of Right Hip","BQ20ZZZ","ICD10PCS"
2793070,"Computerized Tomography (CT Scan) of Head and Neck using Low Osmolar Contrast, Unenhanced and Enhanced","BW2910Z","ICD10PCS"
40756931,"Computed tomography, abdomen and pelvis; without contrast material","74176","CPT4"
2211322,"Radiologic examination; pharynx or larynx, including fluoroscopy and/or magnification technique","70370","CPT4"
2793088,"Computerized Tomography (CT Scan) of Pelvic Region","BW2GZZZ","ICD10PCS"
2787678,"Computerized Tomography (CT Scan) of Bilateral Lungs using Low Osmolar Contrast","BB241ZZ","ICD10PCS"
2790412,"Computerized Tomography (CT Scan) of Right Femur","BQ23ZZZ","ICD10PCS"
2787329,"Computerized Tomography (CT Scan) of Bilateral Vertebral Arteries","B32GZZZ","ICD10PCS"
40756913,"Computed tomographic (CT) colonography, diagnostic, including image postprocessing; without contrast material","74261","CPT4"
2211490,"Radiologic examination, foot; 2 views","73620","CPT4"
2785817,"Computerized Tomography (CT Scan) of Multiple Coronary Arteries using Low Osmolar Contrast","B2211ZZ","ICD10PCS"
2787341,"Computerized Tomography (CT Scan) of Left Pulmonary Artery using Low Osmolar Contrast","B32T1ZZ","ICD10PCS"
2790427,"Computerized Tomography (CT Scan) of Right Tibia/Fibula using Other Contrast","BQ2BYZZ","ICD10PCS"
2006698,"X-ray of ribs, sternum, and clavicle","87.43","ICD9Proc"
2787333,"Computerized Tomography (CT Scan) of Intracranial Arteries using Intravascular Optical Coherence","B32RZ2Z","ICD10PCS"
2792848,"Computerized Tomography (CT Scan) of Abdomen and Pelvis","BW21ZZZ","ICD10PCS"
2793565,"Computerized Tomography (CT Scan) of Right Shoulder using Other Contrast","BP28YZZ","ICD10PCS"
2006818,"Skeletal x-ray of upper limb, not otherwise specified","88.24","ICD9Proc"
2211725,"Unlisted computed tomography procedure (eg, diagnostic, interventional)","76497","CPT4"
2793578,"Computerized Tomography (CT Scan) of Left Humerus","BP2BZZZ","ICD10PCS"
2211802,"Computed tomography guidance for, and monitoring of, parenchymal tissue ablation","77013","CPT4"
2786164,"Computerized Tomography (CT Scan) of Portal and Splanchnic Veins using Low Osmolar Contrast, Unenhanced and Enhanced","B52T10Z","ICD10PCS"
2793066,"Computerized Tomography (CT Scan) of Head using Other Contrast","BW28YZZ","ICD10PCS"
2785819,"Computerized Tomography (CT Scan) of Multiple Coronary Arteries using Other Contrast","B221YZZ","ICD10PCS"
40757125,"Computed tomographic (CT) colonography, screening, including image postprocessing","74263","CPT4"
2787400,"Computerized Tomography (CT Scan) of Right Eye","B825ZZZ","ICD10PCS"
2211403,"Computed tomography, cervical spine; without contrast material, followed by contrast material(s) and further sections","72127","CPT4"
2006673,"Other x-ray of lumbosacral spine","87.24","ICD9Proc"
724945,"Radiologic examination, abdomen; 2 views","74019","CPT4"
2787331,"Computerized Tomography (CT Scan) of Intracranial Arteries using Low Osmolar Contrast","B32R1ZZ","ICD10PCS"
2793574,"Computerized Tomography (CT Scan) of Right Humerus","BP2AZZZ","ICD10PCS"
2211462,"Computed tomography, upper extremity; with contrast material(s)","73201","CPT4"
2788145,"Computerized Tomography (CT Scan) of Abdominal Aorta using Other Contrast","B420YZZ","ICD10PCS"
2211487,"Radiologic examination, ankle; 2 views","73600","CPT4"
2788352,"Computerized Tomography (CT Scan) of Superior Mesenteric Artery using Other Contrast","B424YZZ","ICD10PCS"
2211392,"Radiologic examination, spine; thoracic, 2 views","72070","CPT4"
42628578,"Radiologic examination, spine, entire thoracic and lumbar, including skull, cervical and sacral spine if performed (eg, scoliosis evaluation); 2 or 3 views","72082","CPT4"
2100780,"Cerebral perfusion analysis using computed tomography with contrast administration, including post-processing of parametric maps with determination of cerebral blood flow, cerebral blood volume, and mean transit time","0042T","CPT4"
2211525,"Radiologic examination, gastrointestinal tract, upper; with small intestine, includes multiple serial images","74245","CPT4"
2211520,"Radiologic examination; esophagus","74220","CPT4"
2786894,"Computerized Tomography (CT Scan) of Paranasal Sinuses using Low Osmolar Contrast","B9221ZZ","ICD10PCS"
2793080,"Computerized Tomography (CT Scan) of Neck using Other Contrast","BW2FYZZ","ICD10PCS"
2790208,"Computerized Tomography (CT Scan) of Left Hip using Other Contrast","BQ21YZZ","ICD10PCS"
2211380,"Computed tomography, thorax; without contrast material, followed by contrast material(s) and further sections","71270","CPT4"
2006778,"Other x-ray of male genital organs","87.99","ICD9Proc"
2211301,"Radiologic examination, nasal bones, complete, minimum of 3 views","70160","CPT4"
2211373,"Radiologic examination, ribs, unilateral; including posteroanterior chest, minimum of 3 views","71101","CPT4"
42741111,"Computed tomography, heart, with contrast material(s), including noncontrast images, if performed, cardiac gating and 3D image postprocessing; cardiac structure and morphology in congenital heart disease","0150T","CPT4"
42742548,"Computed tomographic angiography, abdomen and pelvis, with contrast material(s), including noncontrast images, if performed, and image postprocessing","74174","CPT4"
2790416,"Computerized Tomography (CT Scan) of Left Femur","BQ24ZZZ","ICD10PCS"
2212017,"Brain imaging, tomographic (SPECT)","78607","CPT4"
2790781,"Tomographic (Tomo) Nuclear Medicine Imaging of Multiple Anatomical Regions using Other Radionuclide","CW2YYZZ","ICD10PCS"
2211300,"Radiologic examination, facial bones; complete, minimum of 3 views","70150","CPT4"
2211409,"Computed tomography, lumbar spine; without contrast material, followed by contrast material(s) and further sections","72133","CPT4"
2787327,"Computerized Tomography (CT Scan) of Bilateral Vertebral Arteries using Other Contrast","B32GYZZ","ICD10PCS"
42741100,"Computed tomography, heart, with contrast material(s), including noncontrast images, if performed, cardiac gating and 3D image postprocessing; computed tomographic angiography of coronary arteries (including native and anomalous coronary arteries, coronar","0147T","CPT4"
2787680,"Computerized Tomography (CT Scan) of Bilateral Lungs using Other Contrast","BB24YZZ","ICD10PCS"
2313800,"Endoluminal imaging of coronary vessel or graft using intravascular ultrasound (IVUS) or optical coherence tomography (OCT) during diagnostic evaluation and/or therapeutic intervention including imaging supervision, interpretation and report; each additio","92979","CPT4"
2793084,"Computerized Tomography (CT Scan) of Pelvic Region using Low Osmolar Contrast, Unenhanced and Enhanced","BW2G10Z","ICD10PCS"
2211491,"Radiologic examination, foot; complete, minimum of 3 views","73630","CPT4"
2787412,"Computerized Tomography (CT Scan) of Bilateral Eyes using Other Contrast, Unenhanced and Enhanced","B827Y0Z","ICD10PCS"
2792847,"Computerized Tomography (CT Scan) of Abdomen and Pelvis using Other Contrast","BW21YZZ","ICD10PCS"
2108013,"Final report for bone scintigraphy study includes correlation with existing relevant imaging studies (eg, X ray, MRI, CT) corresponding to the same anatomical region in question (NUC_MED)","3570F","CPT4"
2211386,"Radiologic examination, spine, entire, survey study, anteroposterior and lateral","72010","CPT4"
42734626,"Computerized axial tomographic guidance for placement of radiation therapy fields","76370","CPT4"
2211701,"Radiological examination, surgical specimen","76098","CPT4"
2785821,"Computerized Tomography (CT Scan) of Multiple Coronary Arteries","B221ZZZ","ICD10PCS"
2787404,"Computerized Tomography (CT Scan) of Left Eye using Low Osmolar Contrast","B8261ZZ","ICD10PCS"
43527940,"Parathyroid planar imaging (including subtraction, when performed); with tomographic (SPECT)","78071","CPT4"
2211397,"Radiologic examination, spine, lumbosacral; 2 or 3 views","72100","CPT4"
2211402,"Computed tomography, cervical spine; with contrast material","72126","CPT4"
2786897,"Computerized Tomography (CT Scan) of Paranasal Sinuses","B922ZZZ","ICD10PCS"
2787126,"Computerized Tomography (CT Scan) of Trachea/Airways using Low Osmolar Contrast","BB2F1ZZ","ICD10PCS"
2787129,"Computerized Tomography (CT Scan) of Trachea/Airways","BB2FZZZ","ICD10PCS"
2793854,"Computerized Tomography (CT Scan) of Left Ribs using Low Osmolar Contrast","BP2Y1ZZ","ICD10PCS"
2793906,"Tomographic (Tomo) Nuclear Medicine Imaging of Lungs and Bronchi using Technetium 99m (Tc-99m)","CB221ZZ","ICD10PCS"
2211446,"Radiologic examination, shoulder; complete, minimum of 2 views","73030","CPT4"
2790478,"Computerized Tomography (CT Scan) of Left Lower Extremity","BQ2SZZZ","ICD10PCS"
2211331,"Computed tomography, orbit, sella, or posterior fossa or outer, middle, or inner ear; with contrast material(s)","70481","CPT4"
2789325,"Computerized Tomography (CT Scan) of Brain using Low Osmolar Contrast, Unenhanced and Enhanced","B02010Z","ICD10PCS"
2006761,"Other x-ray of female genital organs","87.89","ICD9Proc"
725069,"Radiologic examination, chest; 2 views","71046","CPT4"
2790437,"Computerized Tomography (CT Scan) of Left Lower Leg using Other Contrast","BQ2FYZZ","ICD10PCS"
2793013,"Computerized Tomography (CT Scan) of Mandible using Other Contrast","BN26YZZ","ICD10PCS"
2786165,"Computerized Tomography (CT Scan) of Portal and Splanchnic Veins using Low Osmolar Contrast","B52T1ZZ","ICD10PCS"
2786924,"Computerized Tomography (CT Scan) of Nasopharynx/Oropharynx using Other Contrast","B92FYZZ","ICD10PCS"
2787158,"Computerized Tomography (CT Scan) of Colon using Low Osmolar Contrast","BD241ZZ","ICD10PCS"
2786895,"Computerized Tomography (CT Scan) of Paranasal Sinuses using Other Contrast, Unenhanced and Enhanced","B922Y0Z","ICD10PCS"
2790515,"Tomographic (Tomo) Nuclear Medicine Imaging of Abdomen using Other Radionuclide","CW20YZZ","ICD10PCS"
40756805,"Intravascular imaging of non-coronary vessel(s) by optical coherence tomography [OCT]","38.25","ICD9Proc"
2785901,"Computerized Tomography (CT Scan) of Inferior Vena Cava","B529ZZZ","ICD10PCS"
2212025,"Cerebrospinal fluid flow, imaging (not including introduction of material); tomographic (SPECT)","78647","CPT4"
2790214,"Tomographic (Tomo) Nuclear Medicine Imaging of Urinary System using Other Radionuclide","CT2YYZZ","ICD10PCS"
2211408,"Computed tomography, lumbar spine; with contrast material","72132","CPT4"
2211377,"Radiologic examination; sternoclavicular joint or joints, minimum of 3 views","71130","CPT4"
2790212,"Tomographic (Tomo) Nuclear Medicine Imaging of Kidneys, Ureters and Bladder using Technetium 99m (Tc-99m)","CT231ZZ","ICD10PCS"
2211552,"Urography, infusion, drip technique and/or bolus technique; with nephrotomography","74415","CPT4"
2788349,"Computerized Tomography (CT Scan) of Celiac Artery","B421ZZZ","ICD10PCS"
2211972,"Bone and/or joint imaging; tomographic (SPECT)","78320","CPT4"
2793079,"Computerized Tomography (CT Scan) of Neck using Other Contrast, Unenhanced and Enhanced","BW2FY0Z","ICD10PCS"
42734623,"Computerized axial tomography bone density study, one or more sites","76070","CPT4"
2787411,"Computerized Tomography (CT Scan) of Bilateral Eyes using Low Osmolar Contrast","B8271ZZ","ICD10PCS"
40756922,"Myocardial perfusion imaging, tomographic (SPECT) (including attenuation correction, qualitative or quantitative wall motion, ejection fraction by first pass or gated technique, additional quantification, when performed); single study, at rest or stress (","78451","CPT4"
2787901,"Computerized Tomography (CT Scan) of Liver using Low Osmolar Contrast","BF251ZZ","ICD10PCS"
2212050,"Radiopharmaceutical localization of inflammatory process; tomographic (SPECT)","78807","CPT4"
2789356,"Computerized Tomography (CT Scan) of Spinal Cord using Other Contrast","B02BYZZ","ICD10PCS"
2789323,"Computerized Tomography (CT Scan) of Brain using High Osmolar Contrast, Unenhanced and Enhanced","B02000Z","ICD10PCS"
2211717,"3D rendering with interpretation and reporting of computed tomography, magnetic resonance imaging, ultrasound, or other tomographic modality with image postprocessing under concurrent supervision; requiring image postprocessing on an independent workstati","76377","CPT4"
2211463,"Computed tomography, upper extremity; without contrast material, followed by contrast material(s) and further sections","73202","CPT4"
42628639,"Radiologic examination, hips, bilateral, with pelvis when performed; 3-4 views","73522","CPT4"
2787951,"Computerized Tomography (CT Scan) of Bilateral Adrenal Glands","BG22ZZZ","ICD10PCS"
2785896,"Computerized Tomography (CT Scan) of Inferior Vena Cava using Low Osmolar Contrast, Unenhanced and Enhanced","B52910Z","ICD10PCS"
2787319,"Computerized Tomography (CT Scan) of Bilateral Common Carotid Arteries","B325ZZZ","ICD10PCS"
2793071,"Computerized Tomography (CT Scan) of Head and Neck using Low Osmolar Contrast","BW291ZZ","ICD10PCS"
2790775,"Tomographic (Tomo) Nuclear Medicine Imaging of Upper Extremity using Iodine 123 (I-123)","CW2MFZZ","ICD10PCS"
2792840,"Computerized Tomography (CT Scan) of Abdomen using Other Contrast","BW20YZZ","ICD10PCS"
2793020,"Computerized Tomography (CT Scan) of Temporal Bones using Low Osmolar Contrast","BN2F1ZZ","ICD10PCS"
2006795,"Other soft tissue x-ray of abdominal wall","88.09","ICD9Proc"
2211336,"Computed tomography, soft tissue neck; without contrast material","70490","CPT4"
2786109,"Computerized Tomography (CT Scan) of Bilateral Pelvic (Iliac) Veins using Low Osmolar Contrast","B52H1ZZ","ICD10PCS"
2212035,"Kidney imaging morphology; tomographic (SPECT)","78710","CPT4"
2791268,"Computerized Tomography (CT Scan) of Pelvis using Other Contrast","BR2CYZZ","ICD10PCS"
2211334,"Computed tomography, maxillofacial area; with contrast material(s)","70487","CPT4"
42739703,"Radiologic examination, stress view(s), any joint, stress applied by a physician (includes comparison views)","76006","CPT4"
2006760,"Other x-ray of fallopian tubes and uterus","87.85","ICD9Proc"
2211335,"Computed tomography, maxillofacial area; without contrast material, followed by contrast material(s) and further sections","70488","CPT4"
42734614,"Radiologic examination, osseous survey; complete (axial and appendicular skeleton)","76062","CPT4"
2211458,"Radiologic examination, hand; 2 views","73120","CPT4"
42741105,"Computed tomography, heart, without contrast material, including image postprocessing and quantitative evaluation of coronary calcium","0144T","CPT4"
2786922,"Computerized Tomography (CT Scan) of Nasopharynx/Oropharynx using Low Osmolar Contrast","B92F1ZZ","ICD10PCS"
2211328,"Computed tomography, head or brain; with contrast material(s)","70460","CPT4"
42627900,"Radiologic examination, femur; minimum 2 views","73552","CPT4"
2787316,"Computerized Tomography (CT Scan) of Bilateral Common Carotid Arteries using Low Osmolar Contrast","B3251ZZ","ICD10PCS"
2211493,"Radiologic examination; toe(s), minimum of 2 views","73660","CPT4"
2211338,"Computed tomography, soft tissue neck; without contrast material followed by contrast material(s) and further sections","70492","CPT4"
2211304,"Radiologic examination; orbits, complete, minimum of 4 views","70200","CPT4"
2211365,"Radiologic examination, chest, complete, minimum of 4 views","71030","CPT4"
2785891,"Computerized Tomography (CT Scan) of Superior Vena Cava using Other Contrast","B528YZZ","ICD10PCS"
40756939,"Computed tomography, heart, without contrast material, with quantitative evaluation of coronary calcium","75571","CPT4"
2211311,"Radiologic examination, skull; complete, minimum of 4 views","70260","CPT4"
2793012,"Computerized Tomography (CT Scan) of Mandible using Low Osmolar Contrast","BN261ZZ","ICD10PCS"
2211524,"Radiologic examination, gastrointestinal tract, upper; with or without delayed images, with KUB","74241","CPT4"
2792860,"Computerized Tomography (CT Scan) of Chest, Abdomen and Pelvis using Other Contrast, Unenhanced and Enhanced","BW25Y0Z","ICD10PCS"
45890634,"Stereoscopic x-ray guidance for localization of target volume for the delivery of radiation therapy","G6002","HCPCS"
2211363,"Radiologic examination, chest, 2 views, frontal and lateral; with oblique projections","71022","CPT4"
2788351,"Computerized Tomography (CT Scan) of Superior Mesenteric Artery using Low Osmolar Contrast","B4241ZZ","ICD10PCS"
2211821,"Radiologic examination, osseous survey; complete (axial and appendicular skeleton)","77075","CPT4"
2785825,"Computerized Tomography (CT Scan) of Multiple Coronary Artery Bypass Grafts using Low Osmolar Contrast","B2231ZZ","ICD10PCS"
2211443,"Radiologic examination; clavicle, complete","73000","CPT4"
42734624,"Computerized axial tomographic guidance for stereotactic localization","76355","CPT4"
2789354,"Computerized Tomography (CT Scan) of Spinal Cord using Low Osmolar Contrast","B02B1ZZ","ICD10PCS"
2006792,"Other abdomen tomography","88.02","ICD9Proc"
2211314,"Radiologic examination, teeth; complete, full mouth","70320","CPT4"
2211327,"Computed tomography, head or brain; without contrast material","70450","CPT4"
2793021,"Computerized Tomography (CT Scan) of Temporal Bones using Other Contrast","BN2FYZZ","ICD10PCS"
2793064,"Computerized Tomography (CT Scan) of Head using Low Osmolar Contrast","BW281ZZ","ICD10PCS"
2793002,"Computerized Tomography (CT Scan) of Skull","BN20ZZZ","ICD10PCS"
2793596,"Computerized Tomography (CT Scan) of Left Elbow","BP2HZZZ","ICD10PCS"
2791468,"Computerized Tomography (CT Scan) of Sacroiliac Joints using Low Osmolar Contrast","BR2D1ZZ","ICD10PCS"
2786161,"Computerized Tomography (CT Scan) of Bilateral Pulmonary Veins","B52SZZZ","ICD10PCS"
2788376,"Computerized Tomography (CT Scan) of Bilateral Lower Extremity Arteries using Low Osmolar Contrast","B42H1ZZ","ICD10PCS"
2789329,"Computerized Tomography (CT Scan) of Brain","B020ZZZ","ICD10PCS"
2785837,"Computerized Tomography (CT Scan) of Right and Left Heart","B226ZZZ","ICD10PCS"
2211497,"Computed tomographic angiography, lower extremity, with contrast material(s), including noncontrast images, if performed, and image postprocessing","73706","CPT4"
2790474,"Computerized Tomography (CT Scan) of Right Lower Extremity","BQ2RZZZ","ICD10PCS"
2211454,"Radiologic examination; upper extremity, infant, minimum of 2 views","73092","CPT4"
2793845,"Computerized Tomography (CT Scan) of Bilateral Upper Extremities","BP2VZZZ","ICD10PCS"
2790434,"Computerized Tomography (CT Scan) of Right Lower Leg","BQ2DZZZ","ICD10PCS"
42628026,"Radiologic examination, hip, unilateral, with pelvis when performed; minimum of 4 views","73503","CPT4"
2793081,"Computerized Tomography (CT Scan) of Neck","BW2FZZZ","ICD10PCS"
40756956,"Computed tomography, abdomen and pelvis; without contrast material in one or both body regions, followed by contrast material(s) and further sections in one or both body regions","74178","CPT4"
2790756,"Tomographic (Tomo) Nuclear Medicine Imaging of Head and Neck using Other Radionuclide","CW2BYZZ","ICD10PCS"
2792853,"Computerized Tomography (CT Scan) of Chest and Abdomen using Other Contrast, Unenhanced and Enhanced","BW24Y0Z","ICD10PCS"
2788356,"Computerized Tomography (CT Scan) of Bilateral Renal Arteries using Low Osmolar Contrast","B4281ZZ","ICD10PCS"
2211800,"Computed tomography guidance for stereotactic localization","77011","CPT4"
2211480,"Radiologic examination, knee; 1 or 2 views","73560","CPT4"
2793008,"Computerized Tomography (CT Scan) of Facial Bones using Low Osmolar Contrast","BN251ZZ","ICD10PCS"
2786890,"Computerized Tomography (CT Scan) of Ear","B920ZZZ","ICD10PCS"
2006817,"Skeletal x-ray of wrist and hand","88.23","ICD9Proc"
2790444,"Computerized Tomography (CT Scan) of Left Ankle using Low Osmolar Contrast","BQ2H1ZZ","ICD10PCS"
2787326,"Computerized Tomography (CT Scan) of Bilateral Vertebral Arteries using Low Osmolar Contrast","B32G1ZZ","ICD10PCS"
2787324,"Computerized Tomography (CT Scan) of Bilateral Internal Carotid Arteries","B328ZZZ","ICD10PCS"
2211401,"Computed tomography, cervical spine; without contrast material","72125","CPT4"
2787679,"Computerized Tomography (CT Scan) of Bilateral Lungs using Other Contrast, Unenhanced and Enhanced","BB24Y0Z","ICD10PCS"
2006816,"Skeletal x-ray of elbow and forearm","88.22","ICD9Proc"
2790424,"Computerized Tomography (CT Scan) of Left Knee","BQ28ZZZ","ICD10PCS"
2790445,"Computerized Tomography (CT Scan) of Left Ankle using Other Contrast","BQ2HYZZ","ICD10PCS"
2791470,"Computerized Tomography (CT Scan) of Sacroiliac Joints","BR2DZZZ","ICD10PCS"
2789336,"Computerized Tomography (CT Scan) of Cisterna","B027ZZZ","ICD10PCS"
2792855,"Computerized Tomography (CT Scan) of Chest and Abdomen","BW24ZZZ","ICD10PCS"
2211432,"Radiologic examination, sacrum and coccyx, minimum of 2 views","72220","CPT4"
2793592,"Computerized Tomography (CT Scan) of Right Elbow","BP2GZZZ","ICD10PCS"
2211450,"Radiologic examination, elbow; 2 views","73070","CPT4"
2787922,"Computerized Tomography (CT Scan) of Hepatobiliary System, All using Low Osmolar Contrast","BF2C1ZZ","ICD10PCS"
2792857,"Computerized Tomography (CT Scan) of Chest, Abdomen and Pelvis using High Osmolar Contrast","BW250ZZ","ICD10PCS"
2212046,"Radiopharmaceutical localization of tumor or distribution of radiopharmaceutical agent(s); tomographic (SPECT)","78803","CPT4"
40756829,"Computed tomographic angiography, heart, coronary arteries and bypass grafts (when present), with contrast material, including 3D image postprocessing (including evaluation of cardiac structure and morphology, assessment of cardiac function, and evaluatio","75574","CPT4"
2792859,"Computerized Tomography (CT Scan) of Chest, Abdomen and Pelvis using Low Osmolar Contrast","BW251ZZ","ICD10PCS"
2006837,"Other skeletal x-ray","88.33","ICD9Proc"
2790462,"Computerized Tomography (CT Scan) of Left Foot","BQ2MZZZ","ICD10PCS"
2211527,"Radiological examination, gastrointestinal tract, upper, air contrast, with specific high density barium, effervescent agent, with or without glucagon; with or without delayed images, with KUB","74247","CPT4"
2786896,"Computerized Tomography (CT Scan) of Paranasal Sinuses using Other Contrast","B922YZZ","ICD10PCS"
2211824,"Computed tomography, bone mineral density study, 1 or more sites, axial skeleton (eg, hips, pelvis, spine)","77078","CPT4"
2793073,"Computerized Tomography (CT Scan) of Head and Neck using Other Contrast","BW29YZZ","ICD10PCS"
2211820,"Radiologic examination, osseous survey; limited (eg, for metastases)","77074","CPT4"
2785835,"Computerized Tomography (CT Scan) of Right and Left Heart using Other Contrast","B226YZZ","ICD10PCS"
2790411,"Computerized Tomography (CT Scan) of Right Femur using Other Contrast","BQ23YZZ","ICD10PCS"
2790751,"Tomographic (Tomo) Nuclear Medicine Imaging of Head and Neck using Iodine 123 (I-123)","CW2BFZZ","ICD10PCS"
2790534,"Tomographic (Tomo) Nuclear Medicine Imaging of Chest and Abdomen using Iodine 123 (I-123)","CW24FZZ","ICD10PCS"
2788144,"Computerized Tomography (CT Scan) of Abdominal Aorta using Low Osmolar Contrast","B4201ZZ","ICD10PCS"
40757093,"Computed tomography, heart, with contrast material, for evaluation of cardiac structure and morphology in the setting of congenital heart disease (including 3D image postprocessing, assessment of LV cardiac function, RV structure and function and evaluati","75573","CPT4"
2791257,"Computerized Tomography (CT Scan) of Cervical Spine","BR20ZZZ","ICD10PCS"
2211476,"Radiologic examination, hip, during operative procedure","73530","CPT4"
2793065,"Computerized Tomography (CT Scan) of Head using Other Contrast, Unenhanced and Enhanced","BW28Y0Z","ICD10PCS"
2791255,"Computerized Tomography (CT Scan) of Cervical Spine using Low Osmolar Contrast","BR201ZZ","ICD10PCS"
2793570,"Computerized Tomography (CT Scan) of Left Shoulder","BP29ZZZ","ICD10PCS"
2789689,"Tomographic (Tomo) Nuclear Medicine Imaging of Hepatobiliary System and Pancreas using Other Radionuclide","CF2YYZZ","ICD10PCS"
2006734,"Other digestive tract x-ray","87.69","ICD9Proc"
2006832,"Skeletal x-ray of ankle and foot","88.28","ICD9Proc"
2211485,"Radiologic examination; tibia and fibula, 2 views","73590","CPT4"
2789327,"Computerized Tomography (CT Scan) of Brain using Other Contrast, Unenhanced and Enhanced","B020Y0Z","ICD10PCS"
2789705,"Tomographic (Tomo) Nuclear Medicine Imaging of Endocrine System using Other Radionuclide","CG2YYZZ","ICD10PCS"
2006781,"Computerized axial tomography of abdomen","88.01","ICD9Proc"
2211367,"Radiologic examination, chest, special views (eg, lateral decubitus, Bucky studies)","71035","CPT4"
2211422,"Computed tomographic angiography, pelvis, with contrast material(s), including noncontrast images, if performed, and image postprocessing","72191","CPT4"
2793074,"Computerized Tomography (CT Scan) of Head and Neck","BW29ZZZ","ICD10PCS"
2789986,"Tomographic (Tomo) Nuclear Medicine Imaging of Bilateral Lower Extremities using Technetium 99m (Tc-99m)","CP2F1ZZ","ICD10PCS"
2211449,"Radiologic examination; humerus, minimum of 2 views","73060","CPT4"
2793063,"Computerized Tomography (CT Scan) of Head using Low Osmolar Contrast, Unenhanced and Enhanced","BW2810Z","ICD10PCS"
2793000,"Computerized Tomography (CT Scan) of Skull using Low Osmolar Contrast","BN201ZZ","ICD10PCS"
2211451,"Radiologic examination, elbow; complete, minimum of 3 views","73080","CPT4"
2211398,"Radiologic examination, spine, lumbosacral; minimum of 4 views","72110","CPT4"
2211444,"Radiologic examination; scapula, complete","73010","CPT4"
2211372,"Radiologic examination, ribs, unilateral; 2 views","71100","CPT4"
2787924,"Computerized Tomography (CT Scan) of Hepatobiliary System, All using Other Contrast","BF2CYZZ","ICD10PCS"
2788362,"Computerized Tomography (CT Scan) of Pelvic Arteries using Other Contrast","B42CYZZ","ICD10PCS"
2211477,"Radiologic examination, pelvis and hips, infant or child, minimum of 2 views","73540","CPT4"
2313799,"Endoluminal imaging of coronary vessel or graft using intravascular ultrasound (IVUS) or optical coherence tomography (OCT) during diagnostic evaluation and/or therapeutic intervention including imaging supervision, interpretation and report; initial vess","92978","CPT4"
2790442,"Computerized Tomography (CT Scan) of Right Ankle","BQ2GZZZ","ICD10PCS"
2789328,"Computerized Tomography (CT Scan) of Brain using Other Contrast","B020YZZ","ICD10PCS"
2791269,"Computerized Tomography (CT Scan) of Pelvis","BR2CZZZ","ICD10PCS"
2790213,"Tomographic (Tomo) Nuclear Medicine Imaging of Kidneys, Ureters and Bladder using Other Radionuclide","CT23YZZ","ICD10PCS"
2792837,"Computerized Tomography (CT Scan) of Abdomen using Low Osmolar Contrast, Unenhanced and Enhanced","BW2010Z","ICD10PCS"
2211513,"Computed tomographic angiography, abdomen, with contrast material(s), including noncontrast images, if performed, and image postprocessing","74175","CPT4"
2211873,"Stereoscopic X-ray guidance for localization of target volume for the delivery of radiation therapy","77421","CPT4"
724988,"Radiologic examination, abdomen; 3 or more views","74021","CPT4"
2793085,"Computerized Tomography (CT Scan) of Pelvic Region using Low Osmolar Contrast","BW2G1ZZ","ICD10PCS"
2789324,"Computerized Tomography (CT Scan) of Brain using High Osmolar Contrast","B0200ZZ","ICD10PCS"
2211407,"Computed tomography, lumbar spine; without contrast material","72131","CPT4"
2211390,"Radiologic examination, spine, cervical; 6 or more views","72052","CPT4"
2211400,"Radiologic examination, spine, lumbosacral; bending views only, 2 or 3 views","72120","CPT4"
2211321,"Radiologic examination; neck, soft tissue","70360","CPT4"
2211550,"Urography (pyelography), intravenous, with or without KUB, with or without tomography","74400","CPT4"
2211388,"Radiologic examination, spine, cervical; 2 or 3 views","72040","CPT4"
2785883,"Computerized Tomography (CT Scan) of Intracranial Sinuses using Other Contrast","B522YZZ","ICD10PCS"
2787332,"Computerized Tomography (CT Scan) of Intracranial Arteries using Other Contrast","B32RYZZ","ICD10PCS"
2006853,"X-ray, other and unspecified","88.39","ICD9Proc"
2792838,"Computerized Tomography (CT Scan) of Abdomen using Low Osmolar Contrast","BW201ZZ","ICD10PCS"
2792019,"Computerized Tomography (CT Scan) of Bilateral Kidneys using Other Contrast","BT23YZZ","ICD10PCS"
2211396,"Radiologic examination, spine; scoliosis study, including supine and erect studies","72090","CPT4"
2787342,"Computerized Tomography (CT Scan) of Left Pulmonary Artery using Other Contrast","B32TYZZ","ICD10PCS"
2211716,"3D rendering with interpretation and reporting of computed tomography, magnetic resonance imaging, ultrasound, or other tomographic modality with image postprocessing under concurrent supervision; not requiring image postprocessing on an independent works","76376","CPT4"
2211529,"Radiologic examination, small intestine, includes multiple serial images","74250","CPT4"
2792851,"Computerized Tomography (CT Scan) of Chest and Abdomen using Low Osmolar Contrast, Unenhanced and Enhanced","BW2410Z","ICD10PCS"
2006796,"Other x-ray of abdomen","88.1","ICD9Proc"
2787117,"Computerized Tomography (CT Scan) of Thoracic Aorta using Other Contrast","B320YZZ","ICD10PCS"
2211374,"Radiologic examination, ribs, bilateral; 3 views","71110","CPT4"
2791263,"Computerized Tomography (CT Scan) of Lumbar Spine using Low Osmolar Contrast","BR291ZZ","ICD10PCS"
2787321,"Computerized Tomography (CT Scan) of Bilateral Internal Carotid Arteries using Low Osmolar Contrast","B3281ZZ","ICD10PCS"
2211510,"Computed tomography, abdomen; without contrast material","74150","CPT4"
2792027,"Computerized Tomography (CT Scan) of Kidney Transplant","BT29ZZZ","ICD10PCS"
2211479,"Radiologic examination, femur, 2 views","73550","CPT4"
2786159,"Computerized Tomography (CT Scan) of Bilateral Pulmonary Veins using Other Contrast","B52SYZZ","ICD10PCS"
42627986,"Radiologic examination, spine, entire thoracic and lumbar, including skull, cervical and sacral spine if performed (eg, scoliosis evaluation); minimum of 6 views","72084","CPT4"
2788364,"Computerized Tomography (CT Scan) of Pelvic Arteries","B42CZZZ","ICD10PCS"
2211298,"Radiologic examination, internal auditory meati, complete","70134","CPT4"
42628025,"Radiologic examination, hip, unilateral, with pelvis when performed; 2-3 views","73502","CPT4"
43527941,"Parathyroid planar imaging (including subtraction, when performed); with tomographic (SPECT), and concurrently acquired computed tomography (CT) for anatomical localization","78072","CPT4"
2793022,"Computerized Tomography (CT Scan) of Temporal Bones","BN2FZZZ","ICD10PCS"
2787336,"Computerized Tomography (CT Scan) of Right Pulmonary Artery using Low Osmolar Contrast","B32S1ZZ","ICD10PCS"
2211703,"Radiologic examination, complex motion (ie, hypercycloidal) body section (eg, mastoid polytomography), other than with urography; unilateral","76101","CPT4"
2211332,"Computed tomography, orbit, sella, or posterior fossa or outer, middle, or inner ear; without contrast material, followed by contrast material(s) and further sections","70482","CPT4"
2211481,"Radiologic examination, knee; 3 views","73562","CPT4"
2787116,"Computerized Tomography (CT Scan) of Thoracic Aorta using Low Osmolar Contrast","B3201ZZ","ICD10PCS"
2211445,"Radiologic examination, shoulder; 1 view","73020","CPT4"
2211455,"Radiologic examination, wrist; 2 views","73100","CPT4"
2793067,"Computerized Tomography (CT Scan) of Head","BW28ZZZ","ICD10PCS"
2793010,"Computerized Tomography (CT Scan) of Facial Bones","BN25ZZZ","ICD10PCS"
2793076,"Computerized Tomography (CT Scan) of Neck using High Osmolar Contrast","BW2F0ZZ","ICD10PCS"
2793584,"Computerized Tomography (CT Scan) of Right Upper Arm","BP2EZZZ","ICD10PCS"
2793006,"Computerized Tomography (CT Scan) of Bilateral Orbits","BN23ZZZ","ICD10PCS"
2786893,"Computerized Tomography (CT Scan) of Paranasal Sinuses using Low Osmolar Contrast, Unenhanced and Enhanced","B92210Z","ICD10PCS"
2006672,"Other x-ray of thoracic spine","87.23","ICD9Proc"
2792841,"Computerized Tomography (CT Scan) of Abdomen","BW20ZZZ","ICD10PCS"
2211530,"Radiologic examination, small intestine, includes multiple serial images; via enteroclysis tube","74251","CPT4"
2792009,"Computerized Tomography (CT Scan) of Left Kidney using Low Osmolar Contrast, Unenhanced and Enhanced","BT2210Z","ICD10PCS"
2211391,"Radiologic examination, spine, thoracolumbar, standing (scoliosis)","72069","CPT4"
2211406,"Computed tomography, thoracic spine; without contrast material, followed by contrast material(s) and further sections","72130","CPT4"
2793848,"Computerized Tomography (CT Scan) of Thorax using Other Contrast","BP2WYZZ","ICD10PCS"
2211362,"Radiologic examination, chest, 2 views, frontal and lateral; with apical lordotic procedure","71021","CPT4"
2793926,"Tomographic (Tomo) Nuclear Medicine Imaging of Digestive System using Other Radionuclide","CD2YYZZ","ICD10PCS"
2790430,"Computerized Tomography (CT Scan) of Left Tibia/Fibula using Other Contrast","BQ2CYZZ","ICD10PCS"
2790441,"Computerized Tomography (CT Scan) of Right Ankle using Other Contrast","BQ2GYZZ","ICD10PCS"
2211803,"Computed tomography guidance for placement of radiation therapy fields","77014","CPT4"
2211329,"Computed tomography, head or brain; without contrast material, followed by contrast material(s) and further sections","70470","CPT4"
42737651,"Myocardial perfusion imaging; tomographic (SPECT), single study (including attenuation correction when performed), at rest or stress (exercise and/or pharmacologic), with or without quantification","78464","CPT4"
2788347,"Computerized Tomography (CT Scan) of Celiac Artery using Other Contrast","B421YZZ","ICD10PCS"
2211511,"Computed tomography, abdomen; with contrast material(s)","74160","CPT4"
2211459,"Radiologic examination, hand; minimum of 3 views","73130","CPT4"
2211474,"Radiologic examination, hips, bilateral, minimum of 2 views of each hip, including anteroposterior view of pelvis","73520","CPT4"
2792849,"Computerized Tomography (CT Scan) of Chest and Abdomen using High Osmolar Contrast, Unenhanced and Enhanced","BW2400Z","ICD10PCS"
2792006,"Computerized Tomography (CT Scan) of Right Kidney","BT21ZZZ","ICD10PCS"
2211483,"Radiologic examination, knee; both knees, standing, anteroposterior","73565","CPT4"
2211375,"Radiologic examination, ribs, bilateral; including posteroanterior chest, minimum of 4 views","71111","CPT4"
2787699,"Computerized Tomography (CT Scan) of Bilateral Tracheobronchial Trees using Low Osmolar Contrast","BB291ZZ","ICD10PCS"
2006635,"Other tomography of head","87.04","ICD9Proc"
2790473,"Computerized Tomography (CT Scan) of Right Lower Extremity using Other Contrast","BQ2RYZZ","ICD10PCS"
2788366,"Computerized Tomography (CT Scan) of Right Lower Extremity Arteries using Low Osmolar Contrast","B42F1ZZ","ICD10PCS"
2791261,"Computerized Tomography (CT Scan) of Thoracic Spine","BR27ZZZ","ICD10PCS"
2788359,"Computerized Tomography (CT Scan) of Bilateral Renal Arteries","B428ZZZ","ICD10PCS"
2211707,"Consultation on X-ray examination made elsewhere, written report","76140","CPT4"
2211533,"Radiologic examination, colon; air contrast with specific high density barium, with or without glucagon","74280","CPT4"
2792846,"Computerized Tomography (CT Scan) of Abdomen and Pelvis using Other Contrast, Unenhanced and Enhanced","BW21Y0Z","ICD10PCS"
2792839,"Computerized Tomography (CT Scan) of Abdomen using Other Contrast, Unenhanced and Enhanced","BW20Y0Z","ICD10PCS"
2211381,"Computed tomographic angiography, chest (noncoronary), with contrast material(s), including noncontrast images, if performed, and image postprocessing","71275","CPT4"
40756910,"Computed tomography, abdomen and pelvis; with contrast material(s)","74177","CPT4"
2792020,"Computerized Tomography (CT Scan) of Bilateral Kidneys","BT23ZZZ","ICD10PCS"
2785889,"Computerized Tomography (CT Scan) of Superior Vena Cava using Low Osmolar Contrast","B5281ZZ","ICD10PCS"
2791259,"Computerized Tomography (CT Scan) of Thoracic Spine using Low Osmolar Contrast","BR271ZZ","ICD10PCS"
2788377,"Computerized Tomography (CT Scan) of Bilateral Lower Extremity Arteries using Other Contrast","B42HYZZ","ICD10PCS"
2788828,"Computer Assisted Procedure of Upper Extremity, With Computerized Tomography","8E0XXBG","ICD10PCS"
2792858,"Computerized Tomography (CT Scan) of Chest, Abdomen and Pelvis using Low Osmolar Contrast, Unenhanced and Enhanced","BW2510Z","ICD10PCS"
40757081,"Computed tomographic (CT) colonography, diagnostic, including image postprocessing; with contrast material(s) including non-contrast images, if performed","74262","CPT4"
2006675,"Soft tissue x-ray of thorax","87.3","ICD9Proc"
725068,"Radiologic examination, chest; single view","71045","CPT4"
2785833,"Computerized Tomography (CT Scan) of Right and Left Heart using Low Osmolar Contrast","B2261ZZ","ICD10PCS"
2793925,"Tomographic (Tomo) Nuclear Medicine Imaging of Gastrointestinal Tract using Other Radionuclide","CD27YZZ","ICD10PCS"
2787122,"Computerized Tomography (CT Scan) of Bilateral Tracheobronchial Trees","BB29ZZZ","ICD10PCS"
2211528,"Radiological examination, gastrointestinal tract, upper, air contrast, with specific high density barium, effervescent agent, with or without glucagon; with small intestine follow-through","74249","CPT4"
2787161,"Computerized Tomography (CT Scan) of Colon","BD24ZZZ","ICD10PCS"
2793566,"Computerized Tomography (CT Scan) of Right Shoulder","BP28ZZZ","ICD10PCS"
2792856,"Computerized Tomography (CT Scan) of Chest, Abdomen and Pelvis using High Osmolar Contrast, Unenhanced and Enhanced","BW2500Z","ICD10PCS"
2211420,"Radiologic examination, pelvis; 1 or 2 views","72170","CPT4"
2211337,"Computed tomography, soft tissue neck; with contrast material(s)","70491","CPT4"
2790691,"Computerized Tomography (CT Scan) of Left Foot/Toe Joint","BQ2YZZZ","ICD10PCS"
2787681,"Computerized Tomography (CT Scan) of Bilateral Lungs","BB24ZZZ","ICD10PCS"
2211296,"Radiologic examination, mastoids; less than 3 views per side","70120","CPT4"
2790767,"Tomographic (Tomo) Nuclear Medicine Imaging of Pelvic Region using Iodine 123 (I-123)","CW2JFZZ","ICD10PCS"
2788371,"Computerized Tomography (CT Scan) of Left Lower Extremity Arteries using Low Osmolar Contrast","B42G1ZZ","ICD10PCS"
2785818,"Computerized Tomography (CT Scan) of Multiple Coronary Arteries using Other Contrast, Unenhanced and Enhanced","B221Y0Z","ICD10PCS"
2211378,"Computed tomography, thorax; without contrast material","71250","CPT4"
2007829,"X-ray study of eye","95.14","ICD9Proc"
2793077,"Computerized Tomography (CT Scan) of Neck using Low Osmolar Contrast, Unenhanced and Enhanced","BW2F10Z","ICD10PCS"
2785816,"Computerized Tomography (CT Scan) of Multiple Coronary Arteries using Low Osmolar Contrast, Unenhanced and Enhanced","B22110Z","ICD10PCS"
2006634,"Computerized axial tomography of head","87.03","ICD9Proc"
2787677,"Computerized Tomography (CT Scan) of Bilateral Lungs using Low Osmolar Contrast, Unenhanced and Enhanced","BB2410Z","ICD10PCS"
2211421,"Radiologic examination, pelvis; complete, minimum of 3 views","72190","CPT4"
2789355,"Computerized Tomography (CT Scan) of Spinal Cord using Other Contrast, Unenhanced and Enhanced","B02BY0Z","ICD10PCS"
2787330,"Computerized Tomography (CT Scan) of Intracranial Arteries using High Osmolar Contrast","B32R0ZZ","ICD10PCS"
2211404,"Computed tomography, thoracic spine; without contrast material","72128","CPT4"
2793005,"Computerized Tomography (CT Scan) of Bilateral Orbits using Other Contrast","BN23YZZ","ICD10PCS"
2006652,"Full-mouth x-ray of teeth","87.11","ICD9Proc"
2211361,"Radiologic examination, chest, 2 views, frontal and lateral","71020","CPT4"
2785834,"Computerized Tomography (CT Scan) of Right and Left Heart using Other Contrast, Unenhanced and Enhanced","B226Y0Z","ICD10PCS"
2791264,"Computerized Tomography (CT Scan) of Lumbar Spine using Other Contrast","BR29YZZ","ICD10PCS"
2785893,"Computerized Tomography (CT Scan) of Superior Vena Cava","B528ZZZ","ICD10PCS"
2785832,"Computerized Tomography (CT Scan) of Right and Left Heart using Low Osmolar Contrast, Unenhanced and Enhanced","B22610Z","ICD10PCS"
2789353,"Computerized Tomography (CT Scan) of Spinal Cord using Low Osmolar Contrast, Unenhanced and Enhanced","B02B10Z","ICD10PCS"
2793019,"Computerized Tomography (CT Scan) of Temporal Bones using High Osmolar Contrast","BN2F0ZZ","ICD10PCS"
2790508,"Tomographic (Tomo) Nuclear Medicine Imaging of Abdomen using Technetium 99m (Tc-99m)","CW201ZZ","ICD10PCS"
2211506,"Radiologic examination, abdomen; single anteroposterior view","74000","CPT4"
2792842,"Computerized Tomography (CT Scan) of Abdomen and Pelvis using High Osmolar Contrast, Unenhanced and Enhanced","BW2100Z","ICD10PCS"
2789335,"Computerized Tomography (CT Scan) of Cisterna using Other Contrast","B027YZZ","ICD10PCS"
2790438,"Computerized Tomography (CT Scan) of Left Lower Leg","BQ2FZZZ","ICD10PCS"
2211673,"Radiologic examination from nose to rectum for foreign body, single view, child","76010","CPT4"
2791256,"Computerized Tomography (CT Scan) of Cervical Spine using Other Contrast","BR20YZZ","ICD10PCS"
2793923,"Tomographic (Tomo) Nuclear Medicine Imaging of Gastrointestinal Tract using Technetium 99m (Tc-99m)","CD271ZZ","ICD10PCS"
2788357,"Computerized Tomography (CT Scan) of Bilateral Renal Arteries using Other Contrast","B428YZZ","ICD10PCS"
2211340,"Computed tomographic angiography, neck, with contrast material(s), including noncontrast images, if performed, and image postprocessing","70498","CPT4"
2211461,"Computed tomography, upper extremity; without contrast material","73200","CPT4"
2787337,"Computerized Tomography (CT Scan) of Right Pulmonary Artery using Other Contrast","B32SYZZ","ICD10PCS"
2792861,"Computerized Tomography (CT Scan) of Chest, Abdomen and Pelvis using Other Contrast","BW25YZZ","ICD10PCS"
2786137,"Computerized Tomography (CT Scan) of Bilateral Renal Veins","B52LZZZ","ICD10PCS"
42739616,"Coronal, sagittal, multiplanar, oblique, 3-dimensional and/or holographic reconstruction of computerized axial tomography, magnetic resonance imaging, or other tomographic modality","76375","CPT4"
724943,"Radiologic examination, chest; 4 or more views","71048","CPT4"
2785915,"Computerized Tomography (CT Scan) of Left Pelvic (Iliac) Veins using Other Contrast","B52GYZZ","ICD10PCS"
2211496,"Computed tomography, lower extremity; without contrast material, followed by contrast material(s) and further sections","73702","CPT4"
2793809,"Computerized Tomography (CT Scan) of Right Wrist","BP2LZZZ","ICD10PCS"
2006658,"Other x-ray of skull","87.17","ICD9Proc"
2211303,"Radiologic examination; optic foramina","70190","CPT4"
2793847,"Computerized Tomography (CT Scan) of Thorax using Low Osmolar Contrast","BP2W1ZZ","ICD10PCS"
2006697,"Other tomography of thorax","87.42","ICD9Proc"
2791474,"Computerized Tomography (CT Scan) of Sacrum and Coccyx","BR2FZZZ","ICD10PCS"
2211387,"Radiologic examination, spine, single view, specify level","72020","CPT4"
2786925,"Computerized Tomography (CT Scan) of Nasopharynx/Oropharynx","B92FZZZ","ICD10PCS"
2787334,"Computerized Tomography (CT Scan) of Intracranial Arteries","B32RZZZ","ICD10PCS"
2788361,"Computerized Tomography (CT Scan) of Pelvic Arteries using Low Osmolar Contrast","B42C1ZZ","ICD10PCS"
2211393,"Radiologic examination, spine; thoracic, 3 views","72072","CPT4"
2006833,"Skeletal x-ray of lower limb, not otherwise specified","88.29","ICD9Proc"
2785899,"Computerized Tomography (CT Scan) of Inferior Vena Cava using Other Contrast","B529YZZ","ICD10PCS"
2211423,"Computed tomography, pelvis; without contrast material","72192","CPT4"
724944,"Radiologic examination, abdomen; 1 view","74018","CPT4"
2211473,"Radiologic examination, hip, unilateral; complete, minimum of 2 views","73510","CPT4"
2793600,"Computerized Tomography (CT Scan) of Right Forearm","BP2JZZZ","ICD10PCS"
2787914,"Computerized Tomography (CT Scan) of Pancreas using Low Osmolar Contrast, Unenhanced and Enhanced","BF2710Z","ICD10PCS"
2790518,"Tomographic (Tomo) Nuclear Medicine Imaging of Abdomen and Pelvis using Iodine 123 (I-123)","CW21FZZ","ICD10PCS"
2793817,"Computerized Tomography (CT Scan) of Right Hand","BP2NZZZ","ICD10PCS"
2211299,"Radiologic examination, facial bones; less than 3 views","70140","CPT4"
2211532,"Radiologic examination, colon; contrast (eg, barium) enema, with or without KUB","74270","CPT4"
2211295,"Radiologic examination, mandible; complete, minimum of 4 views","70110","CPT4"
2790687,"Computerized Tomography (CT Scan) of Right Foot/Toe Joint","BQ2XZZZ","ICD10PCS"
2211494,"Computed tomography, lower extremity; without contrast material","73700","CPT4"
2211359,"Radiologic examination, chest; single view, frontal","71010","CPT4"
2787160,"Computerized Tomography (CT Scan) of Colon using Other Contrast","BD24YZZ","ICD10PCS"
2787406,"Computerized Tomography (CT Scan) of Left Eye using Other Contrast","B826YZZ","ICD10PCS"
2006813,"Other x-ray of abdomen","88.19","ICD9Proc"
2006732,"Other x-ray of intestine","87.65","ICD9Proc"
2211312,"Radiologic examination, teeth; single view","70300","CPT4"
2787344,"Computerized Tomography (CT Scan) of Left Pulmonary Artery","B32TZZZ","ICD10PCS"
2211292,"Radiologic examination, eye, for detection of foreign body","70030","CPT4"
2792835,"Computerized Tomography (CT Scan) of Abdomen using High Osmolar Contrast, Unenhanced and Enhanced","BW2000Z","ICD10PCS"
2211308,"Radiologic examination, sella turcica","70240","CPT4"
2790759,"Tomographic (Tomo) Nuclear Medicine Imaging of Lower Extremity using Iodine 123 (I-123)","CW2DFZZ","ICD10PCS"
2790523,"Tomographic (Tomo) Nuclear Medicine Imaging of Abdomen and Pelvis using Other Radionuclide","CW21YZZ","ICD10PCS"
42740714,"Computed tomographic (CT) colonography (ie, virtual colonoscopy); diagnostic","0067T","CPT4"
2006736,"Computerized axial tomography of kidney","87.71","ICD9Proc"
2006661,"Other x-ray of cervical spine","87.22","ICD9Proc"
42628479,"Radiologic examination, hips, bilateral, with pelvis when performed; minimum of 5 views","73523","CPT4"
2788798,"Computer Assisted Procedure of Head and Neck Region, With Computerized Tomography","8E09XBG","ICD10PCS"
2211394,"Radiologic examination, spine; thoracic, minimum of 4 views","72074","CPT4"
2211306,"Radiologic examination, sinuses, paranasal, less than 3 views","70210","CPT4"
2786157,"Computerized Tomography (CT Scan) of Bilateral Pulmonary Veins using Low Osmolar Contrast","B52S1ZZ","ICD10PCS"
2787925,"Computerized Tomography (CT Scan) of Hepatobiliary System, All","BF2CZZZ","ICD10PCS"
2211339,"Computed tomographic angiography, head, with contrast material(s), including noncontrast images, if performed, and image postprocessing","70496","CPT4"
2787414,"Computerized Tomography (CT Scan) of Bilateral Eyes","B827ZZZ","ICD10PCS"
40756833,"Myocardial perfusion imaging, tomographic (SPECT) (including attenuation correction, qualitative or quantitative wall motion, ejection fraction by first pass or gated technique, additional quantification, when performed); multiple studies, at rest and/or ","78452","CPT4"
2211425,"Computed tomography, pelvis; without contrast material, followed by contrast material(s) and further sections","72194","CPT4"
2006640,"Other soft tissue x-ray of face, head, and neck","87.09","ICD9Proc"
2211718,"Computed tomography, limited or localized follow-up study","76380","CPT4"
2006653,"Other dental x-ray","87.12","ICD9Proc"
2211320,"Orthopantogram (eg, panoramic x-ray)","70355","CPT4"
2211379,"Computed tomography, thorax; with contrast material(s)","71260","CPT4"
42628062,"Radiologic examination, hips, bilateral, with pelvis when performed; 2 views","73521","CPT4"
2006694,"Other soft tissue x-ray of chest wall","87.39","ICD9Proc"
2787407,"Computerized Tomography (CT Scan) of Left Eye","B826ZZZ","ICD10PCS"
2793856,"Computerized Tomography (CT Scan) of Left Ribs","BP2YZZZ","ICD10PCS"
2792843,"Computerized Tomography (CT Scan) of Abdomen and Pelvis using High Osmolar Contrast","BW210ZZ","ICD10PCS"
2790531,"Tomographic (Tomo) Nuclear Medicine Imaging of Chest using Other Radionuclide","CW23YZZ","ICD10PCS"
2788354,"Computerized Tomography (CT Scan) of Superior Mesenteric Artery","B424ZZZ","ICD10PCS"
2006754,"Other x-ray of the urinary system","87.79","ICD9Proc"
2211405,"Computed tomography, thoracic spine; with contrast material","72129","CPT4"
2211389,"Radiologic examination, spine, cervical; 4 or 5 views","72050","CPT4"
2211508,"Radiologic examination, abdomen; complete, including decubitus and/or erect views","74020","CPT4"
2211822,"Radiologic examination, osseous survey, infant","77076","CPT4"
2006699,"Routine chest x-ray, so described","87.44","ICD9Proc"
2211399,"Radiologic examination, spine, lumbosacral; complete, including bending views, minimum of 6 views","72114","CPT4"
2791262,"Computerized Tomography (CT Scan) of Lumbar Spine using High Osmolar Contrast","BR290ZZ","ICD10PCS"
2787317,"Computerized Tomography (CT Scan) of Bilateral Common Carotid Arteries using Other Contrast","B325YZZ","ICD10PCS"
2211990,"Myocardial imaging, infarct avid, planar; tomographic SPECT with or without quantification","78469","CPT4"
2211453,"Radiologic examination; forearm, 2 views","73090","CPT4"
2788367,"Computerized Tomography (CT Scan) of Right Lower Extremity Arteries using Other Contrast","B42FYZZ","ICD10PCS"
42734616,"Radiologic examination, osseous survey, infant","76065","CPT4"
2211456,"Radiologic examination, wrist; complete, minimum of 3 views","73110","CPT4"
2789683,"Tomographic (Tomo) Nuclear Medicine Imaging of Gallbladder using Technetium 99m (Tc-99m)","CF241ZZ","ICD10PCS"
2211376,"Radiologic examination; sternum, minimum of 2 views","71120","CPT4"
2793360,"Tomographic (Tomo) Nuclear Medicine Imaging of Brain using Technetium 99m (Tc-99m)","C0201ZZ","ICD10PCS"
2211448,"Radiologic examination; acromioclavicular joints, bilateral, with or without weighted distraction","73050","CPT4"
2793004,"Computerized Tomography (CT Scan) of Bilateral Orbits using Low Osmolar Contrast","BN231ZZ","ICD10PCS"
2790458,"Computerized Tomography (CT Scan) of Right Foot","BQ2LZZZ","ICD10PCS"
2211395,"Radiologic examination, spine; thoracolumbar junction, minimum of 2 views","72080","CPT4"
42741107,"Computed tomography, heart, with contrast material(s), including noncontrast images, if performed, cardiac gating and 3D image postprocessing, function evaluation (left and right ventricular function, ejection-fraction and segmental wall motion) (List sep","0151T","CPT4"
2785897,"Computerized Tomography (CT Scan) of Inferior Vena Cava using Low Osmolar Contrast","B5291ZZ","ICD10PCS"
2211307,"Radiologic examination, sinuses, paranasal, complete, minimum of 3 views","70220","CPT4"
2786889,"Computerized Tomography (CT Scan) of Ear using Other Contrast","B920YZZ","ICD10PCS"
2793564,"Computerized Tomography (CT Scan) of Right Shoulder using Low Osmolar Contrast","BP281ZZ","ICD10PCS"
2211424,"Computed tomography, pelvis; with contrast material(s)","72193","CPT4"
42734615,"Radiologic examination, osseous survey; limited (eg, for metastases)","76061","CPT4"
2792015,"Computerized Tomography (CT Scan) of Bilateral Kidneys using High Osmolar Contrast","BT230ZZ","ICD10PCS"
2211297,"Radiologic examination, mastoids; complete, minimum of 3 views per side","70130","CPT4"
2006657,"Other x-ray of facial bones","87.16","ICD9Proc"
2006812,"Other retroperitoneal x-ray","88.16","ICD9Proc"
2211364,"Radiologic examination, chest, 2 views, frontal and lateral; with fluoroscopy","71023","CPT4"
2211585,"Computed tomographic angiography, abdominal aorta and bilateral iliofemoral lower extremity runoff, with contrast material(s), including noncontrast images, if performed, and image postprocessing","75635","CPT4"
2211316,"Radiologic examination, temporomandibular joint, open and closed mouth; bilateral","70330","CPT4"
2211315,"Radiologic examination, temporomandibular joint, open and closed mouth; unilateral","70328","CPT4"
2211431,"Radiologic examination, sacroiliac joints; 3 or more views","72202","CPT4"
2789343,"Computerized Tomography (CT Scan) of Cerebral Ventricle(s)","B028ZZZ","ICD10PCS"
2792854,"Computerized Tomography (CT Scan) of Chest and Abdomen using Other Contrast","BW24YZZ","ICD10PCS"
2006841,"Other soft tissue x-ray of lower limb","88.37","ICD9Proc"
2211482,"Radiologic examination, knee; complete, 4 or more views","73564","CPT4"
40756797,"Intravascular imaging of coronary vessel(s) by optical coherence tomography [OCT]","38.24","ICD9Proc"
2211464,"Computed tomographic angiography, upper extremity, with contrast material(s), including noncontrast images, if performed, and image postprocessing","73206","CPT4"
2789326,"Computerized Tomography (CT Scan) of Brain using Low Osmolar Contrast","B0201ZZ","ICD10PCS"
2211509,"Radiologic examination, abdomen; complete acute abdomen series, including supine, erect, and/or decubitus views, single view chest","74022","CPT4"
2211523,"Radiologic examination, gastrointestinal tract, upper; with or without delayed images, without KUB","74240","CPT4"
2211488,"Radiologic examination, ankle; complete, minimum of 3 views","73610","CPT4"
2211507,"Radiologic examination, abdomen; anteroposterior and additional oblique and cone views","74010","CPT4"
2793072,"Computerized Tomography (CT Scan) of Head and Neck using Other Contrast, Unenhanced and Enhanced","BW29Y0Z","ICD10PCS"
2791260,"Computerized Tomography (CT Scan) of Thoracic Spine using Other Contrast","BR27YZZ","ICD10PCS"
2787399,"Computerized Tomography (CT Scan) of Right Eye using Other Contrast","B825YZZ","ICD10PCS"
2006696,"Computerized axial tomography of thorax","87.41","ICD9Proc"
2211495,"Computed tomography, lower extremity; with contrast material(s)","73701","CPT4"
2793001,"Computerized Tomography (CT Scan) of Skull using Other Contrast","BN20YZZ","ICD10PCS"
2211519,"Radiologic examination; pharynx and/or cervical esophagus","74210","CPT4"
2789994,"Tomographic (Tomo) Nuclear Medicine Imaging of Musculoskeletal System, Other using Other Radionuclide","CP2YYZZ","ICD10PCS"
2788346,"Computerized Tomography (CT Scan) of Celiac Artery using Low Osmolar Contrast","B4211ZZ","ICD10PCS"
2211486,"Radiologic examination; lower extremity, infant, minimum of 2 views","73592","CPT4"
2211366,"Radiologic examination, chest, complete, minimum of 4 views; with fluoroscopy","71034","CPT4"
2787413,"Computerized Tomography (CT Scan) of Bilateral Eyes using Other Contrast","B827YZZ","ICD10PCS"
2787339,"Computerized Tomography (CT Scan) of Right Pulmonary Artery","B32SZZZ","ICD10PCS"
2793087,"Computerized Tomography (CT Scan) of Pelvic Region using Other Contrast","BW2GYZZ","ICD10PCS"
42628477,"Radiologic examination, spine, entire thoracic and lumbar, including skull, cervical and sacral spine if performed (eg, scoliosis evaluation); one view","72081","CPT4"
2792844,"Computerized Tomography (CT Scan) of Abdomen and Pelvis using Low Osmolar Contrast, Unenhanced and Enhanced","BW2110Z","ICD10PCS"
2793363,"Tomographic (Tomo) Nuclear Medicine Imaging of Brain using Other Radionuclide","C020YZZ","ICD10PCS"
2788837,"Computer Assisted Procedure of Lower Extremity, With Computerized Tomography","8E0YXBG","ICD10PCS"
2786915,"Computerized Tomography (CT Scan) of Bilateral Salivary Glands using Low Osmolar Contrast","B92D1ZZ","ICD10PCS"
2006716,"Other biliary tract x-ray","87.59","ICD9Proc"
2789342,"Computerized Tomography (CT Scan) of Cerebral Ventricle(s) using Other Contrast","B028YZZ","ICD10PCS"
2789357,"Computerized Tomography (CT Scan) of Spinal Cord","B02BZZZ","ICD10PCS"
2791265,"Computerized Tomography (CT Scan) of Lumbar Spine","BR29ZZZ","ICD10PCS"
2786169,"Computerized Tomography (CT Scan) of Portal and Splanchnic Veins","B52TZZZ","ICD10PCS"
2211313,"Radiologic examination, teeth; partial examination, less than full mouth","70310","CPT4"
2793014,"Computerized Tomography (CT Scan) of Mandible","BN26ZZZ","ICD10PCS"
2211512,"Computed tomography, abdomen; without contrast material, followed by contrast material(s) and further sections","74170","CPT4"
2006821,"Skeletal x-ray of thigh, knee, and lower leg","88.27","ICD9Proc"
724942,"Radiologic examination, chest; 3 views","71047","CPT4"
2790204,"Computerized Tomography (CT Scan) of Right Hip using Other Contrast","BQ20YZZ","ICD10PCS"
2211293,"Radiologic examination, mandible; partial, less than 4 views","70100","CPT4"
2792850,"Computerized Tomography (CT Scan) of Chest and Abdomen using High Osmolar Contrast","BW240ZZ","ICD10PCS"
2006852,"Other computerized axial tomography","88.38","ICD9Proc"
2786887,"Computerized Tomography (CT Scan) of Ear using Low Osmolar Contrast","B9201ZZ","ICD10PCS"
2788379,"Computerized Tomography (CT Scan) of Bilateral Lower Extremity Arteries","B42HZZZ","ICD10PCS"
2787322,"Computerized Tomography (CT Scan) of Bilateral Internal Carotid Arteries using Other Contrast","B328YZZ","ICD10PCS"
2790477,"Computerized Tomography (CT Scan) of Left Lower Extremity using Other Contrast","BQ2SYZZ","ICD10PCS"
2786149,"Computerized Tomography (CT Scan) of Left Pulmonary Vein using Low Osmolar Contrast","B52R1ZZ","ICD10PCS"
2787694,"Computerized Tomography (CT Scan) of Left Tracheobronchial Tree using Other Contrast","BB28YZZ","ICD10PCS"
2006674,"Other x-ray of spine","87.29","ICD9Proc"
2790209,"Computerized Tomography (CT Scan) of Left Hip","BQ21ZZZ","ICD10PCS"
42741101,"Computed tomography, heart, with contrast material(s), including noncontrast images, if performed, cardiac gating and 3D image postprocessing; computed tomographic angiography of coronary arteries (including native and anomalous coronary arteries, coronar","0146T","CPT4"
2788147,"Computerized Tomography (CT Scan) of Abdominal Aorta","B420ZZZ","ICD10PCS"
2785880,"Computerized Tomography (CT Scan) of Intracranial Sinuses using Low Osmolar Contrast, Unenhanced and Enhanced","B52210Z","ICD10PCS"
2793060,"Computerized Tomography (CT Scan) of Chest, Abdomen and Pelvis","BW25ZZZ","ICD10PCS"
2211309,"Radiologic examination, skull; less than 4 views","70250","CPT4"
2006815,"Skeletal x-ray of shoulder and upper arm","88.21","ICD9Proc"
2793078,"Computerized Tomography (CT Scan) of Neck using Low Osmolar Contrast","BW2F1ZZ","ICD10PCS"
2788374,"Computerized Tomography (CT Scan) of Left Lower Extremity Arteries","B42GZZZ","ICD10PCS"
40757120,"Computed tomography, heart, with contrast material, for evaluation of cardiac structure and morphology (including 3D image postprocessing, assessment of cardiac function, and evaluation of venous structures, if performed)","75572","CPT4"
2786167,"Computerized Tomography (CT Scan) of Portal and Splanchnic Veins using Other Contrast","B52TYZZ","ICD10PCS"
2793550,"Computerized Tomography (CT Scan) of Right Clavicle","BP24ZZZ","ICD10PCS"
2211330,"Computed tomography, orbit, sella, or posterior fossa or outer, middle, or inner ear; without contrast material","70480","CPT4"
2792852,"Computerized Tomography (CT Scan) of Chest and Abdomen using Low Osmolar Contrast","BW241ZZ","ICD10PCS"
2211460,"Radiologic examination, finger(s), minimum of 2 views","73140","CPT4"
2790420,"Computerized Tomography (CT Scan) of Right Knee","BQ27ZZZ","ICD10PCS"
2211430,"Radiologic examination, sacroiliac joints; less than 3 views","72200","CPT4"
2788819,"Computer Assisted Procedure of Trunk Region, With Computerized Tomography","8E0WXBG","ICD10PCS"
2793009,"Computerized Tomography (CT Scan) of Facial Bones using Other Contrast","BN25YZZ","ICD10PCS"
2211472,"Radiologic examination, hip, unilateral; 1 view","73500","CPT4"
42628478,"Radiologic examination, hip, unilateral, with pelvis when performed; 1 view","73501","CPT4"
2787403,"Computerized Tomography (CT Scan) of Left Eye using Low Osmolar Contrast, Unenhanced and Enhanced","B82610Z","ICD10PCS"
2792845,"Computerized Tomography (CT Scan) of Abdomen and Pelvis using Low Osmolar Contrast","BW211ZZ","ICD10PCS"
2790446,"Computerized Tomography (CT Scan) of Left Ankle","BQ2HZZZ","ICD10PCS"
2211333,"Computed tomography, maxillofacial area; without contrast material","70486","CPT4"
45889159,"Other Casting or Strapping Procedures","1018234","CPT4"
42742502,"Application of multi-layer compression system; thigh and leg, including ankle and foot, when performed","29582","CPT4"
45888447,"Lower Extremity Application of Splints","1005587","CPT4"
45890567,"Application of short arm splint (forearm to hand)","1005559","CPT4"
2105933,"Wedging of cast (except clubfoot casts)","29740","CPT4"
2105893,"Application of short leg cast (below knee to toes)","29405","CPT4"
2105851,"Application of finger splint; dynamic","29131","CPT4"
2105880,"Application of long leg cast (thigh to toes); walker or ambulatory type","29355","CPT4"
2105892,"Application of cylinder cast (thigh to ankle)","29365","CPT4"
2105847,"Application of long arm splint (shoulder to hand)","29105","CPT4"
45888844,"Lower Extremity Application of Casts and Strapping","1005572","CPT4"
45888677,"Application of Casts and Strapping","1005535","CPT4"
2105920,"Removal or bivalving; turnbuckle jacket","29715","CPT4"
2105894,"Application of short leg cast (below knee to toes); walking or ambulatory type","29425","CPT4"
2105879,"Application of long leg cast (thigh to toes)","29345","CPT4"
2105872,"Strapping; thorax","29200","CPT4"
2105848,"Application of short arm splint (forearm to hand); static","29125","CPT4"
45888692,"Application of long leg cast (thigh to toes)","1014603","CPT4"
2720733,"Cast supplies, short arm splint, adult (11 years +), fiberglass","Q4022","HCPCS"
45889929,"Body and Upper Extremity Application of Casts and Strapping","1005536","CPT4"
2105914,"Strapping; toes","29550","CPT4"
45889594,"Application of body cast, shoulder to hips","1014600","CPT4"
2105850,"Application of finger splint; static","29130","CPT4"
2105917,"Removal or bivalving; gauntlet, boot or body cast","29700","CPT4"
2105898,"Application of clubfoot cast with molding or manipulation, long or short leg","29450","CPT4"
2105829,"Application of body cast, shoulder to hips; including both thighs","29046","CPT4"
2105845,"Application, cast; hand and lower forearm (gauntlet)","29085","CPT4"
2105831,"Application, cast; shoulder spica","29055","CPT4"
45887858,"Removal or bivalving","1005599","CPT4"
2105900,"Application of short leg splint (calf to foot)","29515","CPT4"
2105912,"Strapping; knee","29530","CPT4"
2105843,"Application, cast; shoulder to hand (long arm)","29065","CPT4"
45887857,"Application of Risser jacket, localizer, body","1005539","CPT4"
2105822,"Application of Risser jacket, localizer, body; only","29010","CPT4"
45888994,"Application of hip spica cast","1005574","CPT4"
45890465,"Application of finger splint","1005562","CPT4"
2105877,"Application of hip spica cast; 1 leg","29305","CPT4"
2105935,"Unlisted procedure, casting or strapping","29799","CPT4"
2105849,"Application of short arm splint (forearm to hand); dynamic","29126","CPT4"
2105934,"Wedging of clubfoot cast","29750","CPT4"
42742503,"Application of multi-layer compression system; upper arm and forearm","29583","CPT4"
2105899,"Application of long leg splint (thigh to ankle or toes)","29505","CPT4"
2783594,"Immobilization of Right Lower Arm using Splint","2W3CX1Z","ICD10PCS"
2783598,"Immobilization of Left Lower Arm using Splint","2W3DX1Z","ICD10PCS"
2105878,"Application of hip spica cast; 1 and one-half spica or both legs","29325","CPT4"
2720729,"Cast supplies, long arm splint, adult (11 years +), fiberglass","Q4018","HCPCS"
2105876,"Strapping; hand or finger","29280","CPT4"
2105897,"Application of rigid total contact leg cast","29445","CPT4"
2105823,"Application of Risser jacket, localizer, body; including head","29015","CPT4"
45890371,"Body and Upper Extremity Application of Casts","1005537","CPT4"
2105826,"Application of body cast, shoulder to hips","29035","CPT4"
2105901,"Strapping; hip","29520","CPT4"
45888446,"Lower Extremity Application of Casts","1005573","CPT4"
2105918,"Removal or bivalving; full arm or full leg cast","29705","CPT4"
2105842,"Application, cast; plaster Velpeau","29058","CPT4"
45890308,"Application of multi-layer compression system","1020898","CPT4"
2105875,"Strapping; elbow or wrist","29260","CPT4"
2105913,"Strapping; ankle and/or foot","29540","CPT4"
45888445,"Body and Upper Extremity Application of Strapping-Any Age","1005565","CPT4"
2105932,"Windowing of cast","29730","CPT4"
45888522,"Application of short leg cast (below knee to toes)","1014604","CPT4"
2105895,"Application of patellar tendon bearing (PTB) cast","29435","CPT4"
45888558,"Body and Upper Extremity Application of Splints","1005557","CPT4"
45888828,"Strapping","1005591","CPT4"
2105830,"Application, cast; figure-of-eight","29049","CPT4"
2105896,"Adding walker to previously applied cast","29440","CPT4"
40757039,"Application of multi-layer compression system; leg (below knee), including ankle and foot","29581","CPT4"
45888407,"Application, cast","1005549","CPT4"
2105828,"Application of body cast, shoulder to hips; including 1 thigh","29044","CPT4"
45888202,"Strapping","1005566","CPT4"
2007609,"Application of splint","93.54","ICD9Proc"
45888559,"Removal or Repair of Casts and Strapping","1005598","CPT4"
2105827,"Application of body cast, shoulder to hips; including head, Minerva type","29040","CPT4"
2105846,"Application, cast; finger (eg, contracture)","29086","CPT4"
2105874,"Strapping; shoulder (eg, Velpeau)","29240","CPT4"
2105811,"Application of halo type body cast (see 20661-20663 for insertion)","29000","CPT4"
2105919,"Removal or bivalving; shoulder or hip spica, Minerva, or Risser jacket, etc.","29710","CPT4"
2105915,"Strapping; Unna boot","29580","CPT4"
2105881,"Application of long leg cast brace","29358","CPT4"
45889158,"Lower Extremity Application of Strapping-Any Age","1005590","CPT4"
2105844,"Application, cast; elbow to finger (short arm)","29075","CPT4"
42742504,"Application of multi-layer compression system; upper arm, forearm, hand, and fingers","29584","CPT4"
2105921,"Repair of spica, body cast or jacket","29720","CPT4"
2614911,"Special casting material (e.g., fiberglass)",A4590,HCPCS
2720749,"Cast supplies, short leg cast, adult (11 years +), fiberglass",Q4038,HCPCS
2720723,"Cast supplies, short arm cast, pediatric (0-10 years), fiberglass",Q4012,HCPCS
2720721,"Cast supplies, short arm cast, adult (11 years +), fiberglass",Q4010,HCPCS
2211826,"Dual-energy X-ray absorptiometry (DXA), bone density study, 1 or more sites; axial skeleton (eg, hips, pelvis, spine)",77080,CPT4
2720751,"Cast supplies, short leg cast, pediatric (0-10 years), fiberglass",Q4040,HCPCS
2211828,"Dual-energy X-ray absorptiometry (DXA), bone density study, 1 or more sites; vertebral fracture assessment",77082,CPT4
2720719,"Cast supplies, long arm cast, pediatric (0-10 years), fiberglass",Q4008,HCPCS
2007608,Application of other cast,93.53,ICD9Proc